,title,media,date,datetime,desc,link,relevancia,palabra_clave,año_busqueda,intervalo_busqueda,fecha_extraccion
0,¿Qué es ingeniería prompt?,Forbes Colombia,hace 3 semanas,2023-07-12,"TAN ESENCIAL COMO EL EXCEL. Los expertos consultados por Forbes coinciden en que llegará el día en que todos los profesionales tengan algo de ingenieros prompt,...",https://forbes.co/2023/07/14/capital-humano/que-es-ingenieria-prompt/,1,¿Cómo volverse experto en ingeniería de prompts?,2023,"['07/01/2023', '08/02/2023']",08/02/2023
1,Una mina de oro: esta es la profesión que ha puesto de moda ...,20Minutos,hace 15 horas,2023-08-02,"“Básicamente, el día a día de un ingeniero de prompts es muy similar al de un programador del sector TIC, como por ejemplo puede ser un profesional que se...",https://www.20minutos.es/tecnologia/inteligencia-artificial/prompt-engineer-profesion-de-moda-inteligencia-artificial-paro-cero-5161726/,2,¿Cómo volverse experto en ingeniería de prompts?,2023,"['07/01/2023', '08/02/2023']",08/02/2023
2,Una mina de oro: esta es la profesión que ha puesto de moda ...,20Minutos,hace 15 horas,2023-08-02,"“Básicamente, el día a día de un ingeniero de prompts es muy similar al de un programador del sector TIC, como por ejemplo puede ser un profesional que se...",https://www.20minutos.es/tecnologia/inteligencia-artificial/una-mina-oro-esta-es-profesion-que-ha-puesto-moda-inteligencia-artificial-que-tiene-paro-cero-5161726/,3,¿Cómo volverse experto en ingeniería de prompts?,2023,"['07/01/2023', '08/02/2023']",08/02/2023
3,"Nueve ""prompts"" de ChatGPT para ahorrar horas de trabajo y hacer tus tareas en segundos",Genbeta,hace 1 mes,2023-07-02,"Necesito que analices el siguiente texto, y me digas, párrafo a párrafo, qué errores tiene y cómo podría mejorarlo. Ayúdame a ser más claro y conciso,...",https://www.genbeta.com/a-fondo/nueve-prompts-chatgpt-para-ahorrar-horas-trabajo-hacer-tus-tareas-segundos,4,¿Cómo volverse experto en ingeniería de prompts?,2023,"['07/01/2023', '08/02/2023']",08/02/2023
4,Cómo transformar a ChatGPT en tu asistente personal,La Tercera,hace 3 semanas,2023-07-12,"“ChatGPT puede ser una gran ayuda en el trabajo diario, como herramienta de ... carrera en torno al tema: la de Prompt Engineer', o ingeniero en prompt.",https://www.latercera.com/practico/noticia/como-transformar-a-chatgpt-en-tu-asistente-personal/AKDPMXWOBNCUVDILHYTHHGCJBQ/,5,¿Cómo volverse experto en ingeniería de prompts?,2023,"['07/01/2023', '08/02/2023']",08/02/2023
5,La IA crea el empleo del futuro: experto en hablar con máquinas,ABC,hace 3 semanas,2023-07-12,"Para ser ingeniero de peticiones no hace falta tener una formación concreta ni experiencia de ningún tipo. Básicamente, porque no hay titulaciones oficiales...",https://www.abc.es/tecnologia/informatica/soluciones/ia-crea-empleo-futuro-experto-hablar-maquinas-20230714140047-nt.html,6,¿Cómo volverse experto en ingeniería de prompts?,2023,"['07/01/2023', '08/02/2023']",08/02/2023
6,La innovación de las empresas españolas pasa por la IA,CIO Spain,hace 2 semanas,2023-07-19,Hace ya tiempo que la inteligencia artificial (IA) dejó de ser una ... de expertos legales en tareas de ingeniería de prompts y mucho trabajo de validación.,https://www.ciospain.es/tendencias/la-innovacion-de-las-empresas-espanolas-pasa-por-la-ia,7,¿Cómo volverse experto en ingeniería de prompts?,2023,"['07/01/2023', '08/02/2023']",08/02/2023
7,"Inteligencia Artificial: ¿debería ser regulada?, y ¿por quién?",Primicias,hace 3 semanas,2023-07-12,"Y al ser tan peligrosa como alegan sus críticos, ¿debería regularse? ... Hablamos de ingenieros prompt, científicos de datos, desarrolladores y entrenadores...",https://www.primicias.ec/noticias/tecnologia/inteligencia-artificial-regulacion-chatgpt/,8,¿Cómo volverse experto en ingeniería de prompts?,2023,"['07/01/2023', '08/02/2023']",08/02/2023
8,Gemelos digitales vitaminados con inteligencia artificial ...,Interempresas,hace 1 semana,2023-07-26,"Por ejemplo en iniciativas del Instituto Tecnológico Aidimme, como ... modelos existentes a partir de un prompt, de tal forma que un ingeniero experto en 3D...",https://www.interempresas.net/MetalMecanica/Articulos/487069-Gemelos-digitales-vitaminados-con-inteligencia-artificial.html,9,¿Cómo volverse experto en ingeniería de prompts?,2023,"['07/01/2023', '08/02/2023']",08/02/2023
9,Cómo deben aprender los estudiantes en la era de la IA: 10 características de la nueva escuela,Infobae,hace 1 semana,2023-07-26,"La pregunta correcta, o “prompt”, como lo llaman las herramientas de IA, lleva a los ... Se necesitan 10.000 horas para ser un experto en cualquier cosa.",https://www.infobae.com/educacion/2023/07/24/como-deben-aprender-los-estudiantes-en-la-era-de-la-ia-10-caracteristicas-de-la-nueva-escuela/,10,¿Cómo volverse experto en ingeniería de prompts?,2023,"['07/01/2023', '08/02/2023']",08/02/2023
10,Experto del Centro Nacional de Inteligencia Artificial en la ...,G5noticias,hace 1 semana,2023-07-26,"Bajo esta premisa, la Facultad de Ingeniería de la Universidad Andrés Bello (UNAB), organizó el encuentro “IA: Qué son las redes neuronales, cómo funcionan...",https://g5noticias.cl/2023/07/23/experto-del-centro-nacional-de-inteligencia-artificial-en-la-unab-muchos-de-los-estudios-en-inteligencia-artificial-tambien-tendrian-que-pasar-por-un-comite-etico/,11,¿Cómo volverse experto en ingeniería de prompts?,2023,"['07/01/2023', '08/02/2023']",08/02/2023
11,IA genera un nuevo puesto de trabajo que sólo puede hacer ...,Últimas Noticias,hace 2 semanas,2023-07-19,"... años como editor de vídeos en una empresa digital. Con el tiempo, vio que su labor cambiaba: “Así surgió ser prompt engineer [ingeniero de peticiones],...",https://ultimasnoticias.com.ve/noticias/inteligencia-artificial/ia-genera-un-nuevo-puesto-de-trabajo-que-solo-puede-hacer-un-humano/,12,¿Cómo volverse experto en ingeniería de prompts?,2023,"['07/01/2023', '08/02/2023']",08/02/2023
12,Un loro estocástico en la habitación china: ¿qué nos enseña ...,Letras Libres,hace 1 mes,2023-07-02,"ChatGPT es una herramienta de ingeniería sorprendente y sofisticada, ... La habitación china se ha utilizado como un ejemplo popular en la filosofía de la...",https://letraslibres.com/revista/un-loro-estocastico-en-la-habitacion-china-que-nos-ensena-chatgpt-sobre-la-mente-humana/01/07/2023/,13,¿Cómo volverse experto en ingeniería de prompts?,2023,"['07/01/2023', '08/02/2023']",08/02/2023
13,¿Cuál es el potencial de la IA en el proceso creativo de la ...,Fashion network,hace 6 días,2023-07-27,"Algunas marcas han probado la IA de forma experimental, como Gucci, que ha lanzado ... explicó Paul Mouginot, artista e ingeniero especializado en IA.","https://pe.fashionnetwork.com/news/-cual-es-el-potencial-de-la-ia-en-el-proceso-creativo-de-la-industria-del-lujo-,1541031.html",14,¿Cómo volverse experto en ingeniería de prompts?,2023,"['07/01/2023', '08/02/2023']",08/02/2023
